UserID,Medicine Name,Rating
U001,Hedfree Tablet,4
U001,Fungid Best 150mg Tablet,3
U001,Lustre C Cream,1
U001,Mataret Cream,1
U001,S R T 100mg Tablet,2
U001,Dabigat 110 Capsule,5
U001,Kineto-DP Capsule,5
U001,Novamox 100 Rediuse Drop,1
U002,Gluconorm-G 3 Tablet PR,2
U002,Kenacort 10mg Injection,3
U002,Neugaba 75 Capsule,3
U002,Natzold Infusion,1
U002,Triglynase 1 Tablet SR,4
U002,Amucoe Nac Tablet,4
U002,Udimarin Tablet,2
U002,Gabapin 300 Capsule,2
U002,Almotan 12.5 Tablet,4
U002,Twinblok  5mg Tablet,3
U003,Torvate 300 Tablet CR,3
U003,Gemer 0.5 Tablet PR,3
U003,Herpival 1000mg Tablet,3
U003,Rotavac Oral Vaccine,3
U003,Piriton CS Syrup,2
U003,Moss Plus Eye Drop,4
U003,Alizap 30mg Tablet,5
U003,Olmetime-CT 40 Tablet,3
U004,Olmin 20-CH Tablet,3
U004,Mox Suspension,2
U004,Superia DSR Capsule,5
U004,Glycohale-F Rotacap,5
U004,Septasteril Tablet,5
U004,Xeloda 500mg Tablet,5
U004,Softvisc New Softvisc Lubricant Eye Drop,2
U004,Telsar 80 H Tablet,1
U004,Itrastar 100mg Capsule,5
U005,Enzoheal Tablet,3
U005,Itaspor Capsule,4
U005,Emidoxyn 5mg Tablet MD,3
U005,Vermact 12 Tablet DT,4
U005,Susten 8% Gel,5
U005,Dilpra-OD 750 Tablet,4
U005,Syscan 150 Capsule,4
U005,Tenormin 50 Tablet,3
U006,Pronate 20 Tablet,2
U006,Budamate 200 Transcaps,3
U006,Triolmezest 40 Tablet,5
U006,Lacotab Syrup,1
U006,Nodard Plus Tablet,5
U006,Myelostat 500mg Capsule,2
U006,Rabekind 20 Tablet,5
U006,Rabesec LS Capsule,2
U006,Mycoderm-NM Cream,2
U007,Aristogyl 400 Tablet,1
U007,Defelax Syrup,2
U007,Lustre C Cream,4
U007,Norlut-N Tablet,3
U007,Panimun Bioral 25mg Capsule,5
U007,Finetears Eye Drop,3
U007,Gatiquin-P Eye Drop,1
U008,Remo-Zen 100mg Tablet,1
U008,Afogatran 150 Capsule,3
U008,Soliten 10mg Tablet,5
U008,Zocon 50 DT Tablet,1
U008,Solvin-OD Tablet SR,3
U008,Isonorm 60 SR Tablet,4
U008,Venlanz 2.5 Tablet MD,3
U008,Essita 10 Tablet,1
U009,Aerodil-DX Syrup Raspberry Sugar Free,4
U009,SFZ DS Tablet,5
U009,Omez Insta Sachet Mint,4
U009,Armotraz Tablet,5
U009,Raptac-DSR Capsule,5
U009,Zyven-OD 50 Tablet ER,2
U009,Metpure H Tablet,1
U010,Gudcef 200 Tablet,4
U010,Eplehef 25 Tablet,2
U010,Nexpro IT Capsule SR,2
U010,Sertima 25mg Tablet,3
U010,Mofloren KT Eye Drop,3
U010,Tubervac Vaccine,3
U011,Levilex 1000 Tablet,2
U011,Glotret 20 Tablet,3
U011,Thioford AP Tablet,4
U011,Xcaber Lotion,1
U011,O2 Tablet,4
U011,Ozomet-VG 1 Tablet SR,2
U011,Starcad-T 50 Tablet ER,1
U012,Resque LS Tablet,1
U012,Fusiwal B Cream,4
U012,Endogest 400 SR Tablet,5
U012,Lubrijoint 500 Tablet,1
U012,Neomol 80 Anal Suppository,1
U012,Fluvoxin CR 50 Tablet,2
U013,Rosutor Gold 20/75 Capsule,1
U013,Naprosyn D 500 Tablet,5
U013,Aloja 25 Tablet,2
U013,Olmetrack 40 Tablet,5
U013,Voglimac GM 2 Tablet SR,2
U013,R2 10 Tablet,4
U013,Alastin AM Tablet,2
U014,Zipcoz Tablet,3
U014,Ark 100mg Tablet SR,2
U014,Ipravent Respules 2ml,4
U014,Glimp-M 2 Tablet,4
U014,Mirago S 25 Combikit,1
U014,Anafortan 25 mg/300 mg Tablet,4
U014,Daztor 10 Tablet,4
U014,Linid Tablet,2
U014,Geristart Tablet PR,4
U014,Ivamac 5 Tablet,2
U015,Penegra 25 Tablet,2
U015,Ismigen Tablet,3
U015,Low-Dex Eye Drops,5
U015,L-Hist Mont Tablet,4
U015,Asvoxia-P Tablet,1
U016,Osmodrops Eye Drop,5
U016,Piokind-M 15 Tablet,5
U016,Temsan 80 Tablet,5
U016,Betabest XL 50 Tablet,4
U016,Rantop Syrup Mango,4
U016,Starcad-Beta 50 Tablet ER,2
U016,Xylovis Oral Topical Solution,3
U016,Soha Liquigel,5
U016,Telzox 40 Tablet,1
U017,Sumo L Plus Paediatric Suspension,1
U017,Olsertain 20 Tablet,3
U017,R-Loc D 10mg/150mg Tablet,3
U017,Altapan-DSR Capsule,1
U017,Xylovis Oral Topical Solution,2
U017,Pantin L Capsule SR,3
U017,Persil Eye Drop,4
U017,Mucotab ET Tablet Orange Sugar Free,5
U018,Telkonol  40mg Tablet,1
U018,Tear Drops Gel,5
U018,Moxif 400 Tablet,2
U018,Telista 20 Tablet,3
U018,Levolin 1.25mg Respules,2
U018,Acnedap Plus Gel,3
U019,Azapure Tablet,2
U019,Spenzo Depot 40 Injection,1
U019,Aciban 40 Tablet,3
U019,Wikoryl DS Syrup Orange,1
U019,Jupiros-F Tablet,2
U020,Metaglez Forte Tablet,1
U020,Mibcal Soft Gelatin Capsule,1
U020,Prelin M 75 Capsule,1
U020,PAH 20 Tablet,2
U020,Topisal 3% Lotion,5
U020,Arip MT 2 Tablet,2
U020,Fluticort F 250 Inhaler,1
U020,Flucos ITZ 100 Capsule,5
U021,Escitalent 20 Tablet,4
U021,Olmesar A Tablet,2
U021,Oratil 250mg Tablet,5
U021,Spasmonil 20mg/325mg Tablet,4
U021,Betnesol Oral Drops,1
U021,Zymist Plus 1% Eye Drop,5
U021,Lopres  0.5% Eye Drop,2
U021,Olmin 20-H Tablet,3
U021,Encorate Chrono 500 Tablet CR,1
U021,Liketears Plus Eye Drop,1
U022,Ivf M  150IU Injection,4
U022,Tuloplast 2 Transdermal Patch,2
U022,Profulvin 500 Tablet,3
U022,Acnesol-NC Gel,2
U022,Loceryl Cream,1
U022,Erytop Gel,5
U022,Muzika 20mg/37.5mg Tablet,4
U022,Arvast F 5 Tablet,3
U023,Zifi CV 100 DT Tablet,4
U023,Vilarest 20 Tablet,1
U023,Liofen XL 30 Capsule,5
U023,Texakind 500mg Tablet,3
U023,Zedex Plus Cough Syrup Sugar Free,5
U023,Oflokem OZ Tablet,5
U023,Broncorex Expectorant,1
U024,ESGIPYRIN DS INJECTION,1
U024,Losacar-A  Tablet,4
U024,Supraglip Tablet,5
U024,VitBuz Softgel Capsule,5
U024,Lesuride Tablet,1
U024,Tromide Plus Eye Drop,1
U025,Omez Capsule,3
U025,Rospitril Plus 3 Tablet MD,5
U025,Glenpar 650mg Tablet,3
U025,Eltroxin 88mcg Tablet,2
U025,Nailon Nail Lacquer,5
U025,Ziprax 200 DT Tablet,1
U026,Atocor 5 Tablet,3
U026,Human Actrapid 40IU/ml Solution for Injection,1
U026,Mucotab ET Tablet Orange Sugar Free,3
U026,Depakote XR 250 Tablet,1
U026,Tenlitab M 500mg/20mg Tablet,1
U026,Angicam 2.5mg Tablet,1
U026,Pernex AC 2.5% Gel,4
U026,Duvanta 30 Tablet,3
U026,Softdrops Liquigel,3
U027,Renerve P 750mcg/75mg Capsule,3
U027,Matiz SR Capsule,1
U027,Epsolin 300 Tablet,4
U027,Fuderm Cream,1
U027,Lmwx 60 Injection,3
U027,Febumac 80 Tablet,3
U027,Fosidal Powder,5
U027,Zydip-C Lotion,2
U027,Grilinctus  DX Syrup,1
U027,Megatas Plus 50 Combikit,5
U028,Melatrax 250 Tablet,4
U028,Halostrol S 6% Ointment,4
U028,Amrobrut Cream,5
U028,Klinique Plus  Lotion,3
U028,Tiomist CFC Free 9mcg Inhaler,2
U028,Goodova-L 5mg Tablet,4
U028,Glypride 2 Tablet,4
U029,Oflokem 2mg Infusion,5
U029,Sercos-VT Tablet,4
U029,Vogli-Rapid 0.3/0.5 Tablet,4
U029,Evoxil-HP Kit,1
U029,Silofast D 8 Tablet,3
U029,Sebowash  Shampoo,3
U029,Stanhist 10 Tablet,1
U029,Repepsa D 30mg/10mg Capsule,4
U029,Soltus 300 Tablet,5
U029,Pioglucored Forte Tablet,2
U030,Melanorm-F Cream,2
U030,Desval  ER 1g Tablet,5
U030,Turbovas Gold 10 Capsule,3
U030,Telista CL Tablet,1
U030,Montek AB Tablet SR,1
U030,Gabafix-Plus Capsule,1
U031,Oleanz 5 Tablet,1
U031,Rexizole 1% Cream,5
U031,Qutiwel 25mg Tablet,5
U031,Ebamont Tablet,3
U031,Pramipex ER 0.75 Tablet,4
U031,Pazom 40mg Tablet,5
U032,Torplat 60 Tablet,2
U032,Provanol SR 40 Tablet,1
U032,Pyrope NT  75mg/10mg Tablet,5
U032,Erytop Gel,2
U032,ME-PR Capsule,1
U033,Mecobion-NP Tablet SR,3
U033,Fexofen 120 Tablet,5
U033,Troyace SP Tablet,3
U033,Esomefol Tablet,1
U033,Domgel Suspension,5
U033,Migrest Solo Tablet,4
U033,Rozucor ASP 10 Capsule,1
U033,Dicloran A Tablet,1
U034,Valzaar 160 Tablet,1
U034,Regen-D 60 Gel,2
U034,ILet B 2 Tablet PR,3
U034,Emlukast-FX Tablet,3
U034,Minscalp 10% Topical Solution,2
U034,Zorno Tablet,2
U034,Romilast 5mg Tablet MD,5
U034,Tazloc-CT 80 Tablet,5
U035,Zitelmi-H Tablet,3
U035,Air 120 Tablet,1
U035,Esomac D 40 Capsule SR,1
U035,Tufacne 10 Capsule,4
U035,Pyricool 500mg Tablet,3
U035,Budamate 100 Transhaler,5
U035,Levera 250 Tablet,3
U035,Nemocid Tablet,1
U036,Femcinol-ADP Gel,1
U036,Ultra Gel Eye Drop,4
U036,Vorier 200mg Tablet,2
U036,Gemvert Tablet,5
U036,Agiclob NM Cream,1
U036,Moxinow Tablet SR,4
U036,Akostol Tablet,1
U036,Pirfenex Tablet,3
U036,Tretiva 20 Capsule,4
U036,Zivifresh 0.5% Eye Drop,2
U037,Lupila-D Capsule,4
U037,Etaze-AF Cream,1
U037,Etowin P 60mg/325mg Tablet,3
U037,Urimax F Capsule MR,1
U037,Psorid 25 Capsule,1
U037,Panderm NM Cream,2
U038,Ketostar Cream,1
U038,Mahaflox 0.5% Eye Drop,4
U038,Nucoxia 60 Tablet,1
U038,Nexna TX Tablet,5
U038,Minoz-BPO Gel,5
U038,Amoxyclav 625 Tablet,1
U038,Julax 10mg Tablet,1
U038,Pan-IT Capsule SR,3
U038,Deriphyllin Injection,4
U038,Dabiclot 150mg Capsule,2
U039,Telma-CT 40/12.5 Tablet,5
U039,MY Pill Tablet,1
U039,Pio-M 15 Tablet SR,5
U039,Lulijen Cream,4
U039,Macsart 20 Tablet,2
U039,Lactifiber  Granules,2
U039,Durart-R 450 Tablet,3
U039,DR 4 Tablet,1
U039,Bro-Zedex LS Syrup,1
U039,Tiniba 300 Tablet,2
U040,Grilinctus-BM Tablet,3
U040,Rablet D 40 Capsule SR,1
U040,Megasty 160mg Tablet,4
U040,Perobar 5% Cleansing Bar,3
U040,Amlopres-AT Tablet,1
U040,Flucos 400mg Tablet,5
U041,Lignox 2 % A Injection,2
U041,Olmighty 40 Tablet,5
U041,Levocet-D Tablet,2
U041,Orex Cream,4
U041,Xirtam AM Tablet,5
U041,Trazine-H Tablet,1
U041,Exermet GM 501 Tablet PR,3
U041,Evaparin Injection,1
U041,Lyser D Tablet,5
U042,Zifi 50 Dry Syrup,4
U042,Paxidep CR 37.5 Tablet,1
U042,Rizora ODS 10 Disintegrating Strip,2
U042,Xtor 40 Tablet,2
U042,Depo-Medrol 40mg Injection,2
U042,Nikoran IV 48 Injection,4
U043,Flan Eye Ointment,1
U043,New Modlip-Asg 75 Capsule,3
U043,Melaroc Tablet,1
U043,Lax 3 Oral Suspension Sugar Free,4
U043,Rosuvas F 10 Tablet,2
U044,Telday 80 AM Tablet,2
U044,Loceryl Nail Lacquer,3
U044,Atorfit CV 10 Capsule,5
U044,Huminsulin  30/70 Solution for Injection 40IU/ml,3
U044,Djiso 20mg Tablet,2
U045,Seboret-Plus Gel,5
U045,Lametec Kid Tablet DT,1
U045,Metacortil-C Cream,3
U045,Odepraz 40mg Tablet,2
U045,Bencid Tablet,2
U045,Monotrate OD 25 Tablet PR,4
U046,Natrise 30 Tablet,1
U046,Risdone 2 Tablet,1
U046,Rosukem-F Tablet,2
U046,Venlite OD 50 Tablet ER,1
U046,Texakind 500mg Tablet,5
U047,Alex-L Cough Syrup Mango Sugar Free,3
U047,Tenovate-M Cream,2
U047,Oxmazetol 450 Tablet,3
U047,Ozomet-PG 1 Tablet,2
U047,Flublock Nasal Spray,4
U047,Xylovis Oral Topical Solution,2
U047,Glitaray MP 2mg/500mg/15mg Tablet PR,3
U047,Vogs-GM 2/0.3 Tablet SR,2
U047,Ropark 0.5 Tablet,2
U048,Junior Cipeg Powder for Oral Solution,2
U048,Chymoflam Tablet,5
U048,Laregab-AT Tablet,4
U048,Laformin-G 2 Tablet PR,3
U048,Ivamac 5 Tablet,3
U048,Nexvenla-OD 50  Tablet ER,3
U048,Zynoff Eye/Ear Drop,4
U049,Sporidex AF 375 Tablet ER,4
U049,Kinpride SR Tablet,2
U049,VesiBeta 50 Tablet ER,4
U049,Testoki Tablet,3
U049,Pop DSR Capsule,1
U049,Soliten 10mg Tablet,4
U049,Nervz-G Tablet,1
U050,Atocor 5 Tablet,5
U050,Romilast 10mg Tablet,5
U050,Brite Cream,5
U050,Pregeb M OD 150 Tablet,1
U050,Vilodon 20 Tablet,5
U050,Phexin BD 375mg Tablet,5
U050,Enderm gm Cream,5
U050,Sporidex Redimix Oral Suspension,4
U051,Vildanat M 1000mg/50mg Tablet,5
U051,Olkem 40 CT Tablet,4
U051,Zilast 100 Tablet,2
U051,Logifin CL 1% Lotion,1
U051,Glimy M V2 Tablet SR,2
U051,Ketoday Shampoo,4
U051,Fosfona Powder,3
U051,Gabanev-NT 400mg/10mg Tablet,4
U051,Artiflo 2 Tablet,5
U052,Newven OD 100 Tablet ER,3
U052,Alersin-Total Tablet SR,3
U052,Retino-A 0.05% Cream,3
U052,Ambrolite Syrup,1
U052,Nebicard T Tablet,3
U052,Bactogard 200mg Tablet,3
U052,RotaTeq Oral Vaccine,3
U052,Febrex Plus AF Syrup,1
U053,Dentop-K Dental Gel,2
U053,Nimprex Tablet,2
U053,Eberwin Cream,4
U053,Tripin OM 40 Tablet,2
U053,Thyrox 200 Tablet,4
U053,LCF Expectorant,1
U053,Telmikind Beta 40mg/25mg Tablet ER,2
U053,Kanamac 750 Injection,1
U053,Mylamin Plus Injection,5
U053,Moxclav BD 228.5mg Powder for Oral Suspension,2
U054,Trioptal 300 Tablet,3
U054,Zolitas ODS 2.5 Strip,2
U054,Sizodon Forte Tablet,1
U054,Gabator 300 Tablet,4
U054,Gental Cream,5
U054,Abmac Tablet,4
U054,Puregraf 150IU HP Injection,4
U055,Lubrijoint 500 Tablet,3
U055,Triolmezest 40 Tablet,4
U055,Moxicip KT Eye Drop,5
U055,Decomedo Gel,1
U055,Seradic-Plus Tablet,2
U055,Silodal-D4 Tablet Combipack,5
U055,Olmat 40 H Tablet,1
U055,Rifaxigyl 400mg Tablet,5
U055,Amitone 25mg Tablet,3
U056,Oleanz RT 10 Disintegrating Tablet,1
U056,Tamodex 20mg Tablet,3
U056,Nootropil Syrup,3
U056,Istavel 50mg Tablet,3
U056,Sporidex Redimix Drop Orange,1
U056,Gabantin Plus Tablet,1
U056,Mucolite SR Capsule,5
U056,Velfu Tablet PR,3
U056,Duphalac Enema Solution,4
U056,Mucinac AB Tablet,3
U057,M-Laz Tablet,5
U057,Silybon Suspension,3
U057,Riclofen Tablet,3
U057,Lorvas SR Tablet,1
U057,Meftagesic-DS Suspension,1
U058,Tenginow Tablet,5
U058,Amnuring 10 Tablet SR,3
U058,Olmat 20 AMH Tablet,2
U058,Habiccor Ointment,1
U058,Risofos 150 Tablet,5
U058,Spiroflut A Nasal Spray,4
U058,Betaloc 50mg Tablet,3
U058,Anthocyn-TX Cream,5
U058,AC Para 100mg/325mg Tablet,5
U058,Arreno Capsule ER,2
U059,Dermikem 4 Cream,1
U059,Maxvoid 8 Tablet,4
U059,Tusq-X Plus Expectorant,5
U059,Metafort 500 Tablet SR,2
U059,Mirator 0.5 Tablet,1
U059,Flumet 1% Soap,5
U060,Vitanova-D3 6L Injection,5
U060,Arixib 90 Tablet,5
U060,Atorlip Gold 20 Capsule,1
U060,Elesert 100 Tablet,2
U060,Hhcepo-CV Tablet,3
U060,Sizopin 25 Tablet,1
U060,Rozucor 10 Tablet,1
U060,Nupenta LS Capsule SR,4
U060,Gabawin M 500mcg/75mg Tablet,5
U061,Allegra 120mg Tablet,5
U061,Arkapres 100 Tablet,1
U061,Gudpres-AM 25 Tablet PR,1
U061,Gonablok 200 Capsule,3
U061,Renocel 10000IU Injection,5
U062,Bendex 200mg Suspension,3
U062,Lonitab 5 Tablet,1
U062,Sartel-Beta 50 Tablet ER,2
U062,PPG Met 0.3 Tablet SR,4
U062,Minoz OD 100 Capsule MR,1
U062,Ketonext Soap,1
U063,Nitro 2.6 Tablet CR,2
U063,Metpure-AM 5  Tablet MR,4
U063,Aziderm 15% Gel,4
U063,Liofen 10 Tablet,5
U063,Formosone 250 CFC Free Inhaler,2
U063,Azibact LR 100 Readymix,5
U064,Recontrex Tablet,1
U064,Brimotas T Eye Drop,1
U064,Lamifin -Forte Tablet,2
U064,Tendrone Cream,1
U064,Silofast 8 Capsule,3
U064,Scabex Lotion,3
U064,Amnurite P 10mg/75mg Tablet,3
U064,Asert D Tablet ER,1
U065,Lupitros-TZ Eye Drop,2
U065,Maxmala  Capsule,1
U065,Aim7 60 XR Tablet,1
U065,No Dryfusion Eye Drop,1
U065,Ascoril LS Drops,3
U066,Petolo Eye Drop,2
U066,Wosulin 50/50 Injection 40IU/ml,1
U066,Anin Tablet,4
U066,Tynept OD Tablet ER,2
U066,Nukast 4 Syrup,5
U067,Bladmir 50mg Tablet,4
U067,Suminat 25 Tablet,3
U067,Lasma LC Tablet,2
U067,Tafsure Tablet,5
U067,Monlevo Tablet,2
U068,Prothiaden 50 Tablet,3
U068,Ultravex S6 Ointment,1
U068,Montek LC Kid Syrup,5
U068,Optisoft Eye Drop,2
U068,Ivepred 1000mg Injection,1
U068,Glimestar-M 1 Tablet PR,3
U068,Losakind 50 Tablet,3
U068,Fluvator 50 Tablet,1
U069,Arcalion Tablet,3
U069,Ramistar 2.5 Tablet,5
U069,Pilo GO Cream,3
U069,Pregalin NT 75mg/10mg Tablet,5
U069,Aziwok 250 Tablet,2
U069,Tolpazen Tablet,3
U069,Prasusafe 10 Tablet,3
U070,Tretin-Iso 10 Capsule,5
U070,Terbinaforce 500 Tablet,1
U070,Vesilife 5mg Tablet,1
U070,Pramodep 50mg Tablet,4
U070,Augmentin 1.2gm Injection,2
U070,Klinique Forte  Anti-Dandruff Shampoo,2
U070,Forzid 2gm Injection,3
U070,Risperdal 2mg Tablet,4
U070,Losacar-A  Tablet,4
U070,Glimet Tablet,5
U071,Torplat 60 Tablet,5
U071,Pylodil 2 Solution,3
U071,Sumo L Plus Paediatric Suspension,4
U071,Justin 12.5mg Suppository,4
U071,Noculi Tablet,2
U071,Robinaxol D 50 mg/325 mg/500 mg Tablet,3
U071,Makers Beauty Cream,5
U072,Hyocimax MF  Tablet,3
U072,Pramipex 0.5 Tablet,1
U072,Targocid 400mg Injection,1
U072,Rabopep 20 Tablet,1
U072,Budez CR Capsule,5
U072,Laxito Plus Liquid,5
U072,Stafcure CV 500 Tablet,4
U073,Thalitero Capsule,1
U073,Prothiaden Tablet,3
U073,Sizodon Forte Tablet,2
U073,Oxeogaba 750mcg/75mg Capsule,1
U073,Rejumet 1000 Tablet SR,3
U073,Axogurd-SR Tablet,3
U073,Silybon Suspension,2
U073,Ibgliptin 20 Tablet,5
U073,Supiroban 2% Ointment,4
U074,Itrazole 200 Capsule,1
U074,Gabapin 100 Tablet,2
U074,Telpres CT 40/6.25 Tablet,5
U074,Pneumovax 23 Vaccine,1
U074,Risnia MD 1 Tablet,4
U074,Nortimer 50mg Tablet,4
U074,Isolazine Tablet,1
U074,Benadryl DR Syrup,5
U075,Nozal Soap,3
U075,V 2 Plus Tablet,4
U075,Stamlo 10 Tablet,3
U075,Surfaz Dusting Powder,1
U075,Trenaxa 500 Tablet,2
U075,Nebilong Tablet,4
U075,Lurafic 80mg Tablet,4
U076,Amorfine Cream,4
U076,Moxiflox Tablet,2
U076,Erlocip 150 Tablet,5
U076,Geminor 2 Tablet,3
U076,Rivizole F Ointment,5
U076,Switglim MV 2/0.3 Tablet ER,2
U076,Xtralite Cream,4
U077,Thyrox 88 Tablet,4
U077,Lozee M Cream,2
U077,Metrogyl 200 Tablet,1
U077,Etos MR Tablet,1
U077,Fungicip 200 Tablet,1
U077,Esperal Tablet,1
U077,Quel 100 Tablet,2
U077,Mobiswift-D Tablet,2
U077,Lacoset 150 Tablet,5
U078,Orlean 120 Capsule,4
U078,Acera 20 Capsule,5
U078,Omnix 100 Dry Syrup Strawberry,2
U078,Olmax-3D 20 Tablet,5
U078,NE-C Tablet,5
U078,Rosuson 40 Tablet,4
U079,Olmo AM 20mg/5mg Tablet,5
U079,Mclazide-M Tablet,3
U079,Pregcert -AQ 25 Injection,1
U079,Tenovate Ointment,5
U079,Metopole 25 XL Tablet,1
U079,Microcid Capsule,2
U079,Lupoxa OD Tablet SR,3
U079,Acivir Cream,4
U079,Glimisave MV 2 Tablet SR,5
U080,Tegliptin Tablet,2
U080,Rosufit CV 10 Capsule,3
U080,Lastuss-D Syrup,3
U080,Progynova 2mg Tablet,5
U080,Redotil Sachet,2
U080,Kneesafe-GM Tablet,5
U080,Risperdal Consta 25mg Injection,1
U080,Eptoin 50 Tablet,5
U081,Serenace Liquid,3
U081,Alcinac P 100mg/325mg Tablet,3
U081,Nicostar 5 Tablet,5
U081,Peroduo Gel,5
U081,Itromed 200 Capsule,4
U081,Sysron-N Tablet,4
U081,Telmikind-CT 40 Tablet,2
U081,Pariwave CR 12.5 Tablet,5
U081,Actrapid 100 IU/ml Flexpen,2
U082,Diproex ER 250 Tablet,3
U082,Montefex Tablet,4
U082,Valgress -CR 500 Tablet,4
U082,Pantotab DSR Capsule,4
U082,Luliporus Cream,5
U082,Ziglim 1 Tablet,2
U083,Starpress R XL 50 Tablet,5
U083,Anclazide-M Tablet,5
U083,Rejumet 1000 Tablet SR,1
U083,Etrik 90 Tablet,2
U083,Rxtor 20 Tablet,4
U083,Lipitas 40mg Tablet,2
U083,Telma 20 Tablet,2
U083,Fusirose 2% Cream,2
U083,Riclofen Tablet,4
U084,Gemtaz 1gm Injection,4
U084,Betacap 20 Tablet,1
U084,ZEEBEE 200 MG SUSPENSION,1
U084,Lyser D Tablet,1
U084,Rablet 20 Tablet,1
U084,Altraz Tablet,3
U084,Parot-CR 12.5 Tablet,4
U084,Rifakem 200 Tablet,4
U084,Nosic 10mg/10mg Tablet,5
U085,Ziram 2.5 Tablet,1
U085,Zocef-CV 250 Tablet,3
U085,Doxcef 100mg Tablet DT,2
U085,Olvance-CT 40 Tablet,3
U085,Rizora 10 Tablet,3
U086,Jectocos 50mg Injection,2
U086,Monotrate 10 Tablet,1
U086,PCM Tablet,1
U086,Questa 10 Tablet,1
U086,Rospitril Plus 2 Tablet,2
U087,Nifutin Tablet SR,4
U087,Glimison-MP 2 Tablet SR,2
U087,Zifi 50 DT Tablet,4
U087,Mamofen 20 Tablet,4
U087,MS 240 Capsule DR,4
U088,Laxil Oral Solution,1
U088,Megalis 10 Tablet,2
U088,Zymor-AP Tablet,3
U088,Pansec Tablet,3
U088,Rutace-DS Tablet,2
U088,Winolap DS Eye Drop,2
U088,Ziblok 50 Tablet,3
U089,Pilot M 10mg/120mg Tablet,4
U089,Glizid 80 Tablet,5
U089,Telpres CT 80 Tablet,3
U089,Maxmala  Capsule,5
U089,New Wosulin 30/70 Injection,2
U089,Envas 10 Tablet,2
U089,Zithrox 250 Tablet,3
U090,Norflox Eye/Ear Drops,2
U090,Acemiz 100mg Tablet,2
U090,Metoz 5 Tablet,2
U090,Amaryl M Forte 1mg Tablet PR,3
U090,Tafsure Tablet,2
U090,Rabonik 40 DSR Capsule,4
U090,Milixim 100 DS Dry Syrup,3
U090,Afitra 100 Capsule,2
U091,Zipcet Tablet,1
U091,Gynaset Tablet,5
U091,Vidglit Tablet,5
U091,Mext 7.5 Tablet,1
U091,Sgltr Tablet,3
U091,Metacortil  Cream,2
U091,Histakind 30mg/5ml Syrup,1
U091,Hepamerz Tablet,2
U091,Laxoclear Tablet,5
U092,Irovel H Tablet,2
U092,Pregeb M 75 Capsule,4
U092,Risdone MT 1 Tablet,2
U092,Lipophage 60 Capsule,5
U092,Repalol Tablet,2
U092,Tyrodin Tablet,2
U092,Rifagut 550 Tablet,1
U092,Pruvict 2 Tablet,3
U092,Eberclin-M Cream,3
U092,Melapik  Ever New Cream,4
U093,Halostrol S 6% Ointment,5
U093,Zithrocin 500mg Tablet,2
U093,Trofame XR Capsule,1
U093,Proctosedyl BD Cream,3
U093,Maxformin 750 Tablet PR,4
U094,Zit 10 Capsule,1
U094,Revlin M Tablet SR,5
U094,Nortas CR Tablet,1
U094,Gutron 2.5mg Tablet,2
U094,Glivec 400mg Tablet,1
U094,Atorva Gold 20 Capsule,5
U095,Nucarnit Tablet,1
U095,Fexokast 10 mg/120 mg Tablet,5
U095,Esiflo 100 Transcaps,5
U095,Loette Tablet,4
U095,Escipra 15mg Tablet,3
U096,Tlm 40mg Tablet,3
U096,Moxiblu LX Eye Drop,3
U096,Degalyn 80 Injection,5
U096,Zilast 100 Tablet,3
U096,Abd 400mg Tablet,1
U096,Amigold 200 Tablet,3
U096,Picon Cream,2
U096,Rosulip-F 10 Tablet,1
U096,Migon Tablet,5
U097,Atpark 50 Tablet,4
U097,Eslot 5mg Tablet,2
U097,Atorva Gold 10 Capsule,5
U097,Lac Soft C Gel,1
U097,Hungree Syrup,2
U097,Dersol 12% Ointment,5
U098,LTK 50 Tablet,1
U098,T-Minic Syrup Orange,1
U098,Betacap Plus 5 Capsule SR,3
U098,Sildoo 8 Capsule,2
U098,Monit 10 Tablet,2
U098,Vinlep Suspension Delicious Lemon Plum,1
U098,Gudgesic TH 100mg/4mg Tablet,3
U098,Ebernet Lot,4
U098,Zincort GC Neo Cream,3
U099,Olmezest 10 Tablet,3
U099,Rapilif-D 8 New Capsule,3
U099,Kleangut Plus Oral Emulsion Peppermint,3
U099,Gluformin G 1 New Tablet PR,1
U099,Glycinorm-M 30 OD Tablet ER,1
U099,Aim7 60 XR Tablet,3
U099,Recofast Plus Tablet,4
U100,Zaporil 100mg Tablet,5
U100,Levipil Injection,5
U100,Susten SR 300 Tablet,2
U100,Rozavel F 5 Tablet,3
U100,Norflox 400 Tablet,3
U100,Lofatin Lotion,3
U100,Vinodine Antiseptic Germicidal Spray,3
U100,Zinase-DP Tablet,2
U101,M-Solvin Syrup Lime,1
U101,Risnia Syrup,5
U101,Neurocetam Capsule,3
U101,Fenza-L Cream,2
U101,Gudcef 200 Tablet,2
U102,Pulmocef 500 Tablet,5
U102,Levepsy 500mg Injection,4
U102,Nucoxia D3 Capsule,2
U102,Moximax D Eye Drop,3
U102,Omez FF 20 Tablet,1
U102,Amicline Tablet,2
U102,Azulix MV 2mg/500mg/0.3mg Tablet SR,1
U102,Velfu Tablet PR,5
U103,Pantop LS Capsule SR,1
U103,Normabrain 800mg Tablet,2
U103,Rozagold  20 Capsule,3
U103,Telmiride 40 Tablet,3
U103,Airtec FB 200 Instacap,2
U103,Almefkem Spas 10mg/250mg Tablet,2
U103,Texakind 500mg Tablet,4
U103,Iobrim Eye Drop,4
U104,Phexin 250mg Capsule,5
U104,Ambrolite 2S Expectorant,3
U104,Neo-Mercazole 5 Tablet,4
U104,Ano Metrogyl Cream,1
U104,Opara Tablet,4
U104,Myhep All Tablet,3
U104,Joincerin M  Tablet,4
U105,Etan-G Cream,4
U105,Zymor-AP Tablet,1
U105,Protera-I Capsule SR,3
U105,Esoz 20 Tablet,5
U105,Dabiclot 75mg Capsule,1
U105,Predsol Eye Drop,2
U106,Kozol Lotion,1
U106,Biovorin 15 Tablet,1
U106,Methycobal Tablet,4
U106,Travoprostin-T Ophthalmic Solution,5
U106,Af-ter Lotion,5
U106,Viscodyne-LS Plus Expectorant,3
U106,Glyciphage SR 500mg Tablet,2
U106,Synriam 150/750mg Tablet,2
U106,Metolar AM  25 Tablet,1
U107,Grilinctus-BM Syrup Sugar Free,4
U107,Lamez OD 150 Tablet SR,2
U107,Acemiz Plus Tablet,2
U107,Azenam 1gm Injection,4
U107,Rozavel 40 Tablet,3
U108,Sildoo-D8 Capsule Combipack,1
U108,Oflomac OZ Tablet,1
U108,AF 400 Tablet,3
U108,Levolin 0.63mg Respules,3
U108,Tenuvia Tablet,4
U108,Ecosprin 325 Tablet,1
U108,Mactor F Tablet,5
U109,Glimisave MV 1.3 Tablet SR,1
U109,Trivoglitor Forte 1 Tablet SR,4
U109,Predsol Eye Drop,4
U109,Minfin 10% Lotion,3
U109,Sedogest 300mg Tablet,5
U109,Momtent Cream,4
U109,Amlodac 2.5 Tablet,4
U109,Alrista Plus Tablet SR,5
U109,Insugen 30/70 Solution for Injection 40IU/ml,5
U109,Ezedoc 10 Tablet,5
U110,Stonark-5 AX Solution,4
U110,Teli 20 Tablet,2
U110,Normatone Syrup,3
U110,Seleno Gel,4
U110,Levenue 500 Tablet,5
U110,Levolin 0.63mg Respules,3
U110,Rosukem 5 Tablet,1
U110,Oleptal OD 300 Tablet SR,1
U111,Ivanode 5 Tablet,2
U111,Ascoril LS Junior Syrup,1
U111,Rejunuron DN Tablet SR,3
U111,Neomol 250 Anal Suppository,5
U111,Ramipres 5 Tablet,3
U111,Xarelto 15mg Tablet,5
U111,Telmikaa 40 Tablet,1
U111,Panex-CR 25 Tablet,2
U112,Humalog Mix 50 Kwikpen 100IU/ml,2
U112,Telekast 10 Tablet,4
U112,Velol 50mg Tablet XL,3
U112,Levilex 250 Tablet,4
U112,U-B Fair Cream,4
U112,Renoalfa Tablet,1
U113,Euclide 80 Tablet,2
U113,Trelax Tablet,2
U113,Lilituf Lotion,2
U113,Pomalid 2mg Capsule,5
U113,Angicam 2.5mg Tablet,4
U114,Tolkem-D 150mg/50mg Tablet,2
U114,Nitrolong 2.6 Tablet CR,1
U114,K-Ion 10mg Tablet,2
U114,Moxigram Tablet,2
U114,Brufen 600 Tablet,1
U114,Atchol-F Tablet,5
U114,Palido-OD 3 Tablet ER,5
U115,Voglibite 0.3 Tablet MD,5
U115,Trifect Syrup,4
U115,Sucramal-O Oral Suspension,5
U115,Glimy 1 Tablet,2
U115,PCM Tablet,3
U115,Altispor 200 Capsule,3
U116,Anclazide-M Tablet,1
U116,Sartel-Beta 25 Tablet ER,5
U116,Newtel-H 40 Tablet,2
U116,Irinotel 100mg Injection,3
U116,Mupidac Cream,5
U116,Alcros 100 Capsule,3
U116,M-Laz Tablet,3
U117,Potcl 1.5gm Injection,3
U117,Nailrox Nail Lacquer,1
U117,Insuman Comb 25 Injection,3
U117,Stugeron Tablet,3
U117,Proluton Depot 500mg/2ml Injection,1
U117,Janumet 50mg/500mg Tablet,5
U117,Meztec 1.2g Tablet PR,2
U117,Gabapin 400 Capsule,1
U117,Astin 10 Tablet,5
U117,Nebula-D Tablet SR,3
U118,Melbild Solution,2
U118,Montair Plus Tablet,3
U118,Euthyrox 25 Tablet,1
U118,KZ-XL Cream,2
U118,Terbinaforce-Plus NF Cream,1
U118,Kinetozyme Tablet,2
U118,Telsar A Tablet,4
U118,Acitrom 4 Tablet,5
U118,Nepablu Eye Drop,5
U119,Aziderm 20% Cream,3
U119,Ycyst M Tablet,2
U119,Venusmin 300 Tablet,3
U119,K-Gem Tablet,3
U119,Biodens Hair Lotion,3
U119,Asenapt 10 Sublingual tablet,3
U119,Ishape 120mg Capsule,1
U119,Vozuca-M 0.3 Activ Tablet SR,1
U119,Aten AM Tablet,3
U120,Lulifin Lotion,3
U120,Ovuloc Tablet,3
U120,Larinject 50mg Injection,4
U120,Predmet 16 Tablet,4
U120,Amlopres 10 Tablet,5
U120,Redimard 25mg Tablet,4
U120,Formonide Forte 12mcg/400mcg Inhaler,1
U120,Fudic Cream,1
U120,Sporidex Oral Suspension,3
U120,Utreva Vaginal gel,3
U121,Luporal Capsule,3
U121,Travopure Eye Drop,1
U121,Levolin 100mcg Rotacap,5
U121,Arvast 5 Tablet,5
U121,Glipon MF Forte Tablet ER,2
U121,Wokride-D Capsule SR,4
U121,Quikhale SF 250 HFA Based Inhaler,3
U121,Zophar LS 2mg/2mg Tablet,3
U121,Bilachek Syrup,5
U121,Estrabet 0.06% Gel,1
U122,Omnacortil Oral Drops,2
U122,Isoperio 10mg Capsule,4
U122,Medsop Soap,1
U122,Vinlep 450 Tablet,1
U122,Rejumet 1000 Tablet SR,3
U122,Telday 80 H Tablet,5
U122,Storvas 40 Tablet,5
U123,Tamgress 0.4 Tablet MR,2
U123,K-Pio-Gm 1mg Tablet ER,5
U123,Pioplus 2 Tablet SR,2
U123,Erlocip 100 Tablet,3
U123,Olmax 40-AM Tablet,1
U123,Levialfa 500 Tablet,1
U123,Tolkem-D 150mg/50mg Tablet,2
U123,Tyza Dusting Powder,4
U124,Inhipraz 40mg Tablet,1
U124,Trigulin 1 Tablet SR,3
U124,Momeflo Nasal Spray,2
U124,Flutrol 250 Inhaler,1
U124,Gluconorm SR 850 Tablet,1
U124,Revlamer 800 Tablet,2
U124,Hifenac Spas Tablet,1
U125,Moxiflox Tablet,4
U125,Rancv 1000 Tablet ER,2
U125,Peroduo Gel,4
U125,Xarelto 20mg Tablet,1
U125,Olmetor-H Tablet,2
U125,Alerfix Tablet,4
U126,Hexidine -EP Mouth Wash,1
U126,Phytoral Tablet,2
U126,Glutowin Forte Tablet SR,4
U126,NAC -AQ Injection,2
U126,Atlura 80 Tablet,5
U126,Rabizena 20mg Tablet,4
U126,Respicure-LS Oral Drops,3
U126,Allerkast LC Tablet,4
U127,Minopep Eva Topical Solution,5
U127,Urdiogem 300 Tablet,2
U127,Quel 100 Tablet,5
U127,Femcinol-A Gel,3
U127,Telmed 20 Tablet,2
U127,Grandem Syrup,1
U127,Swich Drops,5
U127,Azee 100mg Tablet DT,3
U127,Phexin Kid Tablet DT,2
U128,ATM 500 Tablet,5
U128,Niogenta-F Cream,4
U128,Dutandro 0.5mg Tablet,1
U128,Azulix 3 Tablet,4
U128,Aziderm 20% Cream,3
U128,Roliten OD 4mg Capsule ER,5
U128,Niosalic Ointment,2
U129,Flumet 200mg Tablet,1
U129,Ranispas NF 10mg/10mg Tablet,5
U129,Maxiflo Forte Rotacap,2
U129,Xilia-MP 2 Tablet,3
U129,Proluton Depot 250mg/ml Injection,2
U129,Tacvido Forte Ointment,5
U130,Ascoril D Junior Cough Syrup,2
U130,Lupinem 500mg Injection,5
U130,Resque-Plus Tablet,5
U130,Sorbitrate 5 Tablet,4
U130,Flexabenz ER Capsule,2
U131,Moss Plus Eye Drop,1
U131,Voglibite-GM 2 Tablet SR,4
U131,Etos 60 Tablet,5
U131,Letrohope 2.5 Tablet,4
U131,Revlamer 800 Tablet,2
U131,Fusiwal Ointment,2
U131,Hhfexo M 10mg/120mg Tablet,2
U131,Raptac-DSR Capsule,1
U132,Lacrimos-G Eye Drop,2
U132,Rozucor F 10 Tablet,5
U132,Lipaglyn Tablet,4
U132,Vorto Gel,2
U132,Mefomin 500 SR Tablet,3
U133,Ovalink Tablet SR,5
U133,MFC-LT Eye Drop,4
U133,Nephtor 20 Tablet,5
U133,Rejunuron Plus Injection,2
U133,Pirfemac 400 Tablet,5
U133,Zilos-H Tablet,2
U133,Olmin Trio Tablet,1
U134,Mirago S 25 Combikit,5
U134,Nailon Nail Lacquer,4
U134,Potcl 1.5gm Injection,2
U134,Aten 25 Tablet,2
U134,Propygenta NF Cream,5
U134,Bilasure 20 Tablet,5
U134,Honvan Tablet,4
U134,Hicet Tablet,2
U135,Atazis 25mg Tablet,2
U135,Telma-AM H 40 Tablet,2
U135,P 125 Drops,5
U135,Gental Cream,3
U135,Rabivax-S Vaccine,4
U135,Montair-LC Tablet,1
U135,Silverstream Liquid,2
U135,Olmax 40 Tablet,2
U135,Babygesic 125 Oral Suspension,1
U135,ForAir 250 CFC Free Inhaler,3
U136,Amlovas-L Tablet,3
U136,Montaz 250mg Injection,2
U136,Telmikind 20 Tablet,2
U136,Supirocin-B Plus Ointment,2
U136,Iminoral 50 Capsule,3
U136,Udinorm 300mg Tablet,5
U136,Ark 100mg Tablet SR,4
U136,Oleptal OD 450 Tablet SR,3
U137,Atrest 25 Tablet,2
U137,Selzic 300 Tablet,1
U137,F Next Dusting Powder,4
U137,Bidin T  Eye Drop,4
U137,Lipophage 120 Capsule,5
U137,Rabezox-D Capsule SR,1
U137,Ovagen 50mg Tablet,1
U137,Vidglit Tablet,4
U137,Renopress-XL 5 Tablet,2
U137,Nocold Drop,5
U138,Apidra 100IU/ml Solution for Injection,3
U138,Tadasure 20 Disintegrating Strip,2
U138,Gris ODT Tablet,2
U138,Metrogyl DG Forte Gel,2
U138,Biopron Syrup,1
U138,Epofit 5000IU Injection,2
U138,Silocap 8 Capsule,1
U139,Lofecam 8 Tablet,1
U139,Tripride 1 LV Tablet SR,3
U139,Phenosulf Eye Drop,5
U139,FMH-Coalsal Ointment,2
U139,Novastat 10 Tablet,5
U139,Starpress R XL 25 Tablet,2
U139,Dorsun T Eye Drop,3
U139,Flurisone Eye Ointment,3
U139,Neoclobyte GM Cream,1
U140,Januvia 50mg Tablet,2
U140,Mucyst Injection,2
U140,Doxinate -G Tablet,1
U140,Zoreso-D Capsule PR,4
U140,Tolkem-D 150mg/50mg Tablet,1
U140,Veltam 0.2 Tablet MR,5
U140,Obelit 60 Capsule,3
U141,ZO 200 Tablet,4
U141,Nureeto 90 Tablet,5
U141,Pregabanyl NTM Tablet,3
U141,Arreno Capsule ER,3
U141,New I-Kul Plus Ophthalmic Solution,1
U141,Valprol-CR 200 Tablet,2
U142,Triben- B Lotion,1
U142,Triluma Cream,3
U142,Predvia 4 Tablet,2
U142,Tadasure 10 Orally Disintegrating Strip,2
U142,Urigal 200 Tablet,1
U142,Hytel 40mg Tablet,1
U142,Euclide 80 Tablet,5
U143,Vinicor-AM 50/5 Tablet PR,4
U143,Vildanat-M 500mg/50mg Tablet,1
U143,Sifasi 5000IU Injection,1
U143,Biosore Gel,1
U143,Valgress -CR 500 Tablet,3
U144,Myospas TH 4 Capsule,5
U144,Teleact 40 Tablet,2
U144,Lizoforce IV Injection,1
U144,Sirdalud 2mg Tablet,1
U144,Loxof 500mg Tablet,5
U144,Ecoglip-T Tablet,3
U144,Seboret-Plus Gel,1
U144,Kneejoint Care Tablet,4
U144,Lamictal 25mg Dispersible Tablet,1
U145,Recopress 500mg Tablet,2
U145,Refzil O 500mg Tablet,2
U145,Asomex-LT Tablet,5
U145,Zocon L Cream,3
U145,Itrop Plus  Eye Drop,1
U146,Lacosam 100 Tablet,3
U146,Gudcef-CV 100mg Tablet,3
U146,Telsartan-H 80 Tablet,4
U146,Zipod 200mg Tablet,3
U146,Telpres CT 40/6.25 Tablet,1
U146,Etogrand 90 Tablet,3
U147,Zoline-Plus Eye Drops,5
U147,Mirbeg 50 Tablet ER,1
U147,Bevac Adult Vaccine,2
U147,Lactifem Itch Vaginal Cream Vaginal Cream,4
U147,Oraflora Oral Gel,5
U147,Nervijen-P Capsule,2
U148,Urinet 200mg Tablet,4
U148,Fungotek Cream,1
U148,Isryl-M 4 Forte Tablet PR,2
U148,Alaspan AM Tablet,1
U148,Trioptal 300 Tablet,2
U148,Optithrocin Eye Ointment,5
U148,Pirfemac 400 Tablet,1
U149,Taxim-O 200 Tablet,3
U149,Momate S Ointment,2
U149,Razo-D Capsule SR,5
U149,Levenue 750 Tablet,5
U149,Telmikind CT 80mg/12.5mg Tablet,5
U149,Decdan Next 6mg Tablet,5
U149,Atorfit CV 40 Capsule,3
U149,Silverstream Liquid,2
U149,Advent 457mg Tablet DT,5
U150,Telmikind 80 Tablet,1
U150,Sertin 100 Tablet,2
U150,Nexito 5 Tablet,5
U150,Livafin CP Cream,4
U150,Anafortan-MF 50mg/250mg Tablet,5
U150,Amitryn 10 Tablet,2
U150,Ticstop Tablet,4
U150,Lupirtin -SR Tablet,5
U151,Astymin-SN Infusion,2
U151,Alciflox 500mg Tablet,2
U151,Levosiz Tablet,4
U151,Soliact 10 Tablet,4
U151,Fungidust Dusting Powder,1
U152,Quadrajel Gel,1
U152,Nodon AM 5/5 Tablet,4
U152,Provanol SR 40 Tablet,5
U152,Moxiblu Eye Drop,5
U152,Ampilox DS Tablet,4
U152,Kinetozyme-D Tablet,1
U153,Jotair L Tablet,2
U153,Piranulin Tablet,5
U153,Melatrax 250 Tablet,4
U153,Gapitas-L Gel,2
U153,Azifast 500 Tablet,2
U153,Klean Tears Ultra Eye Drop,3
U154,Pacimol DS Oral Suspension,3
U154,Rivofonet Tablet,1
U154,Rabeloc Plus Capsule SR,3
U154,Nebizok 5 Tablet,1
U154,Xyzal M Suspension,4
U154,Alphagan P Eye Drop,5
U154,R2 10 Tablet,5
U155,Olvance 20 Tablet,2
U155,Lubrigel Ocular Lubricant,1
U155,Aeocal Max Softgel Capsule,1
U155,Itragreat 200 Capsule,1
U155,Nixitral 200 Capsule,3
U155,Lexadep 10 Tablet,4
U155,Golbi 300 Tablet,1
U155,Vertipress 24 Tablet,1
U155,Raciper Plus Capsule SR,1
U156,Lyser DP Tablet,4
U156,Metofix-XL 500 Tablet,2
U156,Atorlip Gold 10 Capsule,3
U156,Glisen MF 1 Tablet PR,2
U156,Lenalid 5 Capsule,5
U156,Ascoril LS Syrup,1
U156,Terbicip Cream,2
U156,New Ivermectol 12 Tablet,1
U156,Piosys 30 Tablet,3
U157,Xamic MF Tablet,5
U157,Norwayz Tablet,2
U157,Hhderm Cream,1
U157,Macfast 250 Oral Suspension,1
U157,Thyrox 200 Tablet,1
U157,Amicline Plus Tablet,3
U157,Wikoryl DS Syrup Orange,1
U157,Hydrogen Peroxide Solution,4
U157,Itracutis  100 Capsule,5
U157,Eglucent Mix 50 Kwikpen 100IU/ml,5
U158,Volapride-Plus Capsule SR,3
U158,Propygenta NF Cream,4
U158,Agoprex Tablet,3
U158,Odicon- K Lotion,4
U158,Reclide MR 60 Tablet,2
U158,Asthakind-LS Junior Expectorant,5
U158,Tgkem 50mg Injection,1
U158,Voglitab 0.2 Tablet,2
U158,Ketovate Soap,5
U159,Inzit 8 Tablet,5
U159,Hydroeyes HS Eye Drop,3
U159,Tendrone 1% Cream,5
U159,Macpod 50 Oral Suspension,5
U159,Novomix 50 Suspension for Injection 100IU/ml,1
U159,Amcrylate Bio-Adhesive,4
U159,Telista MT 25 Tablet SR,5
U159,Nokver 200 Capsule,3
U160,Rosta 10 Tablet,5
U160,Piza-D Tablet,2
U160,Amcard-LP Tablet,1
U160,Hista 3G Tablet,2
U160,Seradic-AP Tablet,3
U160,Unicontin-E 600 Tablet CR,1
U160,Petolo Eye Drop,4
U160,Onabet-B Cream,2
U161,Tazloc-AM 80 Tablet,4
U161,Iversafe Lotion,4
U161,Asthalin 100mcg Inhaler,1
U161,Glucoryl-M 3 Forte Tablet PR,3
U161,Kneesafe-GM Tablet,1
U161,Huminsulin R 100IU Cartridge,4
U161,Sporidex Redimix Drop Orange,5
U161,Omnix 200 DT Tablet,5
U161,Rafron DSR Capsule,5
U161,Neopride MPS Tablet,1
U162,Atchol 40 Tablet,2
U162,Ifin 500 Tablet,1
U162,Trizulu Tablet,1
U162,Nicardia XL 60 Tablet,4
U162,Ondem -MD 4 Tablet,4
U162,Gluconorm-G 4 Tablet PR,5
U162,Nepaflam Eye Drop,5
U163,Olsar-H 20 Tablet,5
U163,Niofine Forte Tablet,3
U163,Tasulin 0.4 Tablet PR,3
U163,Zedott Baby Sachet,4
U163,Nebzmart-G 25mcg Smartules 2ml,2
U163,Hhderm Cream,2
U163,Oleanz RT 15 Tablet,5
U163,Sinarest Paediatric Drops,5
U164,Epnone 25mg Tablet,3
U164,Rabez 20mg Tablet,4
U164,Folitrax 7.5mg Injection,2
U164,Viscodyne-LS Plus Expectorant,2
U164,Tegliptin-M 500mg Tablet SR,3
U165,Lorsaid SD 8 Tablet,3
U165,Tossex DMR Syrup Kiwi Sugar Free,2
U165,ZEN Retard 400 Tablet ER,4
U165,L Montus Tablet,3
U165,Ebasil Tablet,1
U166,Emgrast 300mcg Injection,2
U166,Emeset 4 ODT Tablet,5
U166,Zomelis 50mg Tablet,1
U166,Rivamer 1.5 Capsule,4
U166,Nuflam-RB Capsule SR,4
U166,Efavir 600 Tablet,5
U166,Matiz SR Capsule,5
U166,Vasovin - XL 2.5 Capsule,4
U166,Dariten OD 7.5mg Tablet PR,1
U166,Nitrobact 100 Capsule,1
U167,Arvast F 10 Tablet,3
U167,Sinarest-AF Paediatric Drops,3
U167,Abmac Tablet,2
U167,Xtor 20 Tablet,3
U167,A-Ret 0.05% Gel,1
U167,Wokadine 10% Solution,4
U168,Zonisep 50 Capsule,1
U168,Tidomet Plus Tablet,5
U168,Olkem  40 Tablet,2
U168,Tacvido Ointment,3
U168,Reactin Plus Tablet,3
U168,Aeocal Max Softgel Capsule,3
U168,Rabishield 100IU Injection,1
U169,Muzika 20mg/37.5mg Tablet,3
U169,Tegrital CR 300 Divitabs,5
U169,Itrafix 200 Capsule,2
U169,Topcort Cream,2
U169,Serax D Tablet,1
U169,Resner Plus Tablet,2
U169,Pinom CT 40 Tablet,5
U169,NAC SR 100 Tablet,4
U169,Nurogab NT  Tablet,2
U170,Glucored Forte Tablet,1
U170,Lamitor OD 100 Tablet SR,3
U170,Viscodyne-D Syrup,2
U170,Amazeo OD 400 Tablet,2
U170,Nextop 25 Tablet,1
U170,Erytop-N Gel,5
U171,Urgiso Tablet,1
U171,Megaheal Spray,4
U171,Trebor 0.025% Cream,1
U171,Novorapid 100IU Injection,5
U171,Zerograin 10 Tablet,2
U171,Eritel LN 40 Tablet,2
U171,Sonirab 20 Tablet,2
U171,Melbild-XL Solution,4
U171,Tretinec A 0.05% Cream,4
U172,Olfi Pod Tablet,4
U172,Paramet Tablet,5
U172,Inditel MX 50 Tablet ER,3
U172,Nervite Tablet,5
U172,Oleptal OD 600 Tablet SR,3
U172,Omnix 50 Dry Syrup,4
U172,Vilnip M 500 Tablet,5
U173,Atorva Tablet,4
U173,Milflox DF Eye Drop,1
U173,Nizonide 200mg Tablet DT,5
U173,Addwet Eye Drop,4
U173,Naltrawave Tablet,4
U173,Zadonase Tablet,5
U173,Epofit 5000IU Injection,5
U173,ZyKT Soap,2
U173,Thyrox 200 Tablet,1
U174,Quikhale SF 250 HFA Based Inhaler,5
U174,HY 5  Eye Drop,4
U174,Meronem 500mg Injection,4
U174,Acemiz Plus Tablet,3
U174,FT-Mac Cream,1
U174,Acivir 200 DT Tablet,4
U175,Obimet SR Tablet,5
U175,Tazret Gel,4
U175,Maxtra Cold Plus Tablet,3
U175,Haemaccel Infusion,1
U175,Triglimiprex 1 Tablet SR,3
U175,Gli-M Tablet,3
U175,Gluconorm PG 2  Tablet PR,3
U175,Olay Plus Tablet,4
U175,Brilinta 90mg Tablet,1
U176,Nefrogard Tablet,1
U176,Valembic 80mg Tablet,5
U176,Brimolol Eye Drop,1
U176,Ondy-MD Tablet,4
U176,Migrabeta-TR 40 Tablet,3
U176,Moxclav DS Powder for Oral Suspension,4
U176,Brozeet-LS Drops,4
U176,Tenlitab M 500mg/20mg Tablet,1
U177,Epnone 25mg Tablet,3
U177,Votrient 200mg Tablet,3
U177,Glycomet 850 SR Tablet,1
U177,Zedonac MR 250mg/50mg/500mg Tablet,5
U177,Lacotide 200mg Tablet,4
U177,Inditel D Capsule SR,4
U177,Gaba 300 Capsule,5
U178,Itralent 100mg Capsule,4
U178,Natzold Infusion,5
U178,Lactigol Granules,1
U178,Tibrolin Tablet,3
U178,Genxvast F Tablet,2
U178,Ebast Suspension,4
U178,Emestat OD Tablet,3
U178,Zofer 2mg/ml Injection,4
U179,Ticus 90 Tablet,3
U179,Etorica 120 Tablet,4
U179,Erypeg 75mcg Injection,3
U179,Febuvel 40mg Tablet,4
U179,Stonil Oral Solution Mixed fruit flavour Sugar Free,1
U179,Tobacin 80mg Injection,2
U179,Fibrocet 50 Tablet,5
U179,Nordys 550mg Tablet,5
U179,Deriphyllin Injection,3
U179,Wocaine 2% Gel,2
U180,Hytrin 1 Tablet,3
U180,Avil 25 Tablet,1
U180,Nosic 10mg/10mg Tablet,3
U180,Neurica-M 75 Capsule,2
U180,Keto-AZ Lotion,3
U180,Ulpan-DSR Capsule,2
U180,Panido-D Tablet,1
U181,Lupisoz-D Capsule SR,2
U181,Fostera 20 mg/10 mg Tablet,4
U181,Erlocip 150 Tablet,4
U181,Vermact 12 Tablet DT,4
U181,ZEEBEE 200 MG SUSPENSION,2
U181,Hydroeyes HS Eye Drop,1
U181,Gaspaz Capsule,2
U181,Tonact EZ Tablet,2
U181,Eritel-Trio Tablet,5
U182,Omnacortil 10 Tablet DT,3
U182,Moxikind-CV Drops,5
U182,Betadine Surgical Scrub 7.5% Solution,5
U182,Rispond Plus-LS Tablet,2
U182,Metpure -XL 50 Tablet,5
U182,Vymada 200mg Tablet,2
U182,Pentasa 2gm Prolonged Release Granules,1
U182,Xonift  100mg Tablet SR,1
U182,Laveta Tablet DT,2
U183,Ramisave 2.5 Capsule,1
U183,Optilac Eye Drop,3
U183,OF 200 Tablet,5
U183,Lenalid 5 Capsule,3
U183,Nephtor 100 Tablet,3
U183,Viscodyne-D Syrup,4
U183,Rosvin-CV 10 Capsule,2
U184,Pansec 40mg Injection,2
U184,Tiomate Transhaler,2
U184,XPect-PD Syrup Strawberry,5
U184,Pirfemac 400 Tablet,1
U184,Avastin 400mg Injection,1
U185,Mycoclin Lotion,5
U185,Panido-D Tablet,1
U185,Glimy M V2 Tablet SR,4
U185,Anosum Cream,3
U185,Itaspor Powder,3
U185,Glitaray M 1 Plus Tablet PR,5
U186,Salobet Ointment,2
U186,Glimisave Max 2 Tablet PR,5
U186,Vasosure Tablet,2
U186,Peda Typh Vaccine,2
U186,Ventryl Expectorant,1
U186,Liponorm 5mg Tablet,2
U187,Hatric 2 Oral Drops,4
U187,Forcef-CV 250 Tablet,1
U187,Alevo 500 Tablet,3
U187,Montelo LC Tablet,1
U187,VitBuz Softgel Capsule,4
U188,Welminic Syrup Gluten Free,4
U188,Veltride Tablet,3
U188,Olet 5 Tablet MD,4
U188,Metosan XR 50 Tablet,2
U188,Dermtone 25mg Tablet,1
U189,Nepatak Eye Drop,1
U189,OFM-DS Suspension,2
U189,Glimiprex MF Forte 2 Tablet PR,2
U189,Starcad-Beta 25 Tablet ER,5
U189,Gravitor SR Tablet,5
U190,Amtas-E Tablet,4
U190,Amlokind 10mg Tablet,4
U190,Oratil 500 Tablet,1
U190,Prograf 1mg Hard Capsule,3
U190,Ostium K2 Kit,5
U190,Levipil Syrup,3
U190,Regrowee 5% Gel,1
U190,Ketasma Tablet,5
U190,Tapease NS Nasal Spray,5
U191,Lupitros Eye Drop,5
U191,Goutnil 0.5mg Tablet,3
U191,Moxivail Eye Drop,4
U191,Strocit Injection,5
U191,Senseit Gel,1
U191,Glucoryl-MV 2/0.3 Tablet SR,5
U191,Urikind-K Solution,2
U192,Addphos Granules,5
U192,Glycomet Trio 2 Tablet SR,5
U192,Tfil 10mg Tablet,2
U192,Elocon Cream,5
U192,Glyciphage-VG1 Tablet SR,3
U192,Met XL AM 50/5 Tablet,2
U192,Macorate CR 300 Tablet,1
U192,Insugen-R 40IU/ml Solution for Injection,2
U192,Terbicip Spray,4
U192,GeneVac-B Adult Vaccine,5
U193,Hysoft Moisturizing Cream,1
U193,Rabalkem IT 20mg/150mg Capsule,3
U193,Olmax 20 Tablet,4
U193,Voglibite-M 0.3 Tablet SR,3
U193,Ebermed 1% Cream,4
U194,Thioquest D 4 Capsule,2
U194,Razberg ACE Capsule,5
U194,Praxet 12.5mg Tablet CR,3
U194,Myoril 8mg Capsule,4
U194,Nebula-D Tablet SR,1
U194,Advan-THF Cream,1
U194,Nveda Sleep Aid with Melatonin 3mg Tablet,1
U194,Duomate Forte Transcaps,2
U194,Malidens 650 Tablet,2
U195,Polypod CV 200 Tablet,4
U195,Skizoril 100mg Tablet,4
U195,Flucos 200 Tablet,1
U195,Normatone Syrup,2
U195,Epiduo 0.1%/2.5% Gel,3
U195,Pilocar 2% Eye Drop,4
U195,Bilachek Syrup,1
U196,Amipride 100 Tablet,1
U196,Olsar-M 25 Tablet ER,1
U196,Huminsulin N 100IU/ml Cartridge,2
U196,Placentrex Gel,4
U196,Lotel Gel,4
U196,Zocon 1% Soap,1
U196,Bromifax Eye Drop,4
U196,Proctosedyl BD Cream,1
U196,Eberclin-M Cream,2
U196,Glitaray M 1  Tablet PR,1
U197,Gama Soap,1
U197,Gloristat Trio Capsule,4
U197,Seraclin-AD Gel,2
U197,Oleanz RT 15 Tablet,4
U197,Agiclob NM Cream,3
U198,Arflur-MR Tablet,4
U198,Recool Plus Eye Drop,4
U198,Dianorm-M OD Tablet SR,4
U198,Tazloc-AM Tablet,1
U198,Buta Proxyvon Capsule,2
U198,UDP-AT Tablet,4
U199,Ventab XL 37.5 Tablet,1
U199,Asthakind Tablet,5
U199,Heptral 400mg Tablet,5
U199,Zupion -SR Tablet,4
U199,Gama Soap,3
U199,Kelfer 500 Capsule,5
U200,Drotikind 80mg Tablet,5
U200,Ornilox Tablet,3
U200,Neuromin-M Syrup,1
U200,Maxgalin M 50 Capsule,1
U200,Olmat-H Tablet,4
U201,Natrise Tablet,5
U201,Wikoryl AF Drops,3
U201,Sartel-Beta 50 Tablet ER,1
U201,Prodep 60 Capsule,2
U201,Swich CV 50 Dry Syrup,3
U201,Megalis 20 Tablet,5
U201,Glucobay M 25 Tablet,5
U202,Olmetrack 40 Tablet,4
U202,Tolifast 150 Tablet,1
U202,Sporidex 250 Capsule,1
U202,Zeptin 20mg Tablet,4
U202,Renvela 800mg Sachet,2
U203,Tretiva 5 Capsule,1
U203,Leezole Mouth Paint,4
U203,Rabonik 40 DSR Capsule,1
U203,Ascoril Plus Expectorant,1
U203,Nebula AM Tablet,1
U204,Pruvict 2 Tablet,3
U204,Okacet Cold Tablet,3
U204,Inosert 50 Tablet,2
U204,Lomela Cream,2
U204,Thalitero Capsule,4
U205,Zerodol-P Tablet,2
U205,Prandial M 0.2 Tablet,1
U205,Rapitus XT Syrup,3
U205,GB 29 1500mcg/75mg Tablet SR,5
U205,Zisper Forte Tablet,1
U205,Imatib 100 Tablet,1
U205,Aricep-M  Forte Tablet,2
U205,Taxim 250mg Injection,5
U205,Telmikind CT 80mg/12.5mg Tablet,2
U206,Atorsave D 20 Tablet,5
U206,Voraze 200mg Tablet,2
U206,Megazolid 600 Tablet,4
U206,Formosone 250 Respicap,2
U206,Amide 50mg Tablet,1
U206,Ketanov 10mg Tablet,5
U207,Zilast 100 Tablet,2
U207,Esomac 40 Tablet,2
U207,Epsolin 300 Tablet,5
U207,Rimoflo-T Ophthalmic Solution,2
U207,Neksium 20 Tablet,1
U207,Megapen 500mg Injection,2
U207,Qutipin SR 300 Tablet,5
U207,Lipigo 5 Tablet,4
U207,Lumerax 80 Tablet,4
U207,Tazzle 20 Tablet,5
U208,Dayo  OD 750 Tablet PR,5
U208,Pregadoc  NT 75mg/10mg Tablet,1
U208,DMR Syrup,1
U208,Azee 500 Tablet,3
U208,Graniforce Syrup,1
U208,Medrol 8mg Tablet,2
U208,Lulican XL Cream,3
U209,Rabitec-D SR Capsule,5
U209,Vinglyn M 1000 Tablet,5
U209,Pradaxa 150mg Capsule,5
U209,Basalog 100IU/ml Refill Cartridge,1
U209,Lotesurge Ophthalmic Suspension,4
U209,Sartel-LN 40 Tablet,5
U209,Telmikaa CT Tablet,2
U210,Lamictal 50mg Tablet DT,4
U210,Glimisave M1 750 Tablet PR,2
U210,Myelogen PG 75 Tablet SR,3
U210,Pilocar 2% Eye Drop,2
U210,Prucros Tablet,1
U210,Emesafe Oral Spray,2
U210,Acular LS Ophthalmic Solution,4
U210,Febutax 80 Tablet,2
U210,Rastrol 20 Tablet,3
U211,Ascoril D Junior Cough Syrup,3
U211,Montegress FX 10mg/120mg Tablet,3
U211,P 650 Tablet,1
U211,Konaz Antifungal Cream,1
U211,Alex Cough Lozenges Lemon Ginger,5
U211,Frext CR 100 Tablet,5
U211,Mycept 250 Capsule,3
U211,Metafort 1000 Tablet SR,5
U211,Preega 75 Capsule,1
U211,Bencid Tablet,1
U212,Fibrimin-OD Tablet,2
U212,Azee 250 Tablet,3
U212,Sildaprep Tablet,3
U212,Riomet OD 500mg Tablet SR,4
U212,Myotan 40 Tablet,1
U212,Amlopres L Tablet,1
U212,Acnicin Gel,3
U213,Zyrtec Drops,2
U213,Pinom 20 Tablet,5
U213,Humalog Mix 50 100IU/ml Cartridge,4
U213,Stablanz Tablet,5
U213,Grewit 5% Solution,1
U213,Pexoclav 625 Tablet,5
U213,Mikacin 250mg Injection,4
U213,Olkem 40 H Tablet,3
U213,Novamox 125 DT Tablet,4
U213,Torsid 20 Tablet,2
U214,Pasitrex Ointment,5
U214,Fibrovas Tablet,4
U214,Gaba 300 Capsule,3
U214,Dancure Shampoo,3
U214,Zulu-P Tablet,4
U214,Sporanox Capsule,2
U214,Lithosun 300 Tablet,2
U214,Azee 250 Tablet,3
U214,Nervijen Plus Injection,5
U215,Glucotim LA Eye Drop,2
U215,Dericip 77mg/23mg Tablet,3
U215,Teleact CT 40 Tablet,5
U215,Tretiva 30 Capsule,5
U215,Emersa 2mg Tablet,5
U215,Sebumclear N Gel,2
U215,Gluconorm-VG 1 Tablet SR,2
U216,Predvia Injection,5
U216,Tretin-Iso 20 Capsule,1
U216,Semi-Amaryl Tablet,3
U216,Angiwell 6.4mg Tablet,4
U216,Iycotic Cream,5
U216,Voriways Tablet,2
U216,Immutil Tablet,2
U216,Seleno Gel,2
U217,P2i-D Capsule PR,3
U217,Febugood 80 Tablet,3
U217,Levilex 750 Tablet,5
U217,Eflo Eye Drop,3
U217,Admenta 10 Tablet,5
U217,Roles-D Capsule SR,4
U217,Metfirst XL 25 Tablet,3
U218,Dimol 40 Tablet,4
U218,Omez 10 Capsule,4
U218,Vomikind-Fast Strip,1
U218,L-Cin A Tablet,2
U218,Fusiscalp Lotion,4
U218,Eberjen Cream,2
U218,Levokast Oral Suspension,2
U219,Novorapid 100IU Injection,1
U219,Zymoflam D Tablet,1
U219,Lookbrite  Cream,5
U219,Ethislone 16mg Tablet,5
U219,Amazeo 300 Tablet,2
U219,Arvast F 10 Tablet,2
U219,Riomet OD 850mg Tablet SR,3
U219,Tonact EZ Tablet,1
U219,Amace Tablet,1
U220,Windose Tablet,1
U220,Amlong-A Tablet,3
U220,Glycomet 1gm Tablet SR,1
U220,Torleva 250 Tablet,1
U220,Anoscha Forte Tablet,3
U220,Nexvenla-OD 50  Tablet ER,4
U220,Neksium 20 Tablet,1
U221,Azobril Cream,3
U221,Sertiva Tablet,1
U221,Timolen 0.5% Eye Drop,2
U221,Tacvido Forte Ointment,4
U221,Sporidex 500 Capsule,3
U222,Febuday 80 Tablet,3
U222,Pubergen JO 7500IU Injection,3
U222,Endonok Tablet,5
U222,Tazloc 20 Tablet,4
U222,Myospas F Tablet,5
U222,Piriton CS Syrup,2
U223,Inderal LA 20 Tablet SR,2
U223,Glycoseptol Antiseptic Gargle &amp; Mouth Wash,1
U223,Dotzide M Tablet,4
U223,Eslo-Tel 2.5mg Tablet,4
U223,Parot-CR 12.5 Tablet,4
U223,Tacsant 0.5mg Capsule,5
U223,Torplat 60 Tablet,5
U223,Lamrest 10 Tablet,2
U224,Monovisc 88mg Injection,1
U224,Ketasma Tablet,3
U224,Oxmazetol 300 Tablet,4
U224,Theo-Asthalin Forte Tablet,1
U224,Istamet 50mg/1000mg Tablet,5
U224,Aldactone Tablet,5
U224,Mecolab PG 750mcg/75mg Capsule,1
U224,Enapril 5 Tablet,1
U224,Telista Trio CL 6.25 Tablet,4
U225,Gestmate SR 200 Tablet,2
U225,Tiomate Transcaps,5
U225,Roles 20 Tablet,5
U225,Strocit Plus Tablet,2
U225,Flusid Cream,2
U225,Glimison-M 2 Tablet PR,3
U225,Nervrelief Tablet SR,5
U225,Bimat LS Eye Drop,4
U225,Vobose M 0.2 Tablet SR,4
U225,Nuflam-TH 8mg Capsule SR,4
U226,Pentanerv 450mg Tablet SR,1
U226,Fapvir Tablet,1
U226,Voveran SR 75 Tablet,3
U226,Stalopam 20 Tablet,1
U226,Tasulin-D Tablet ER,5
U226,Ticagat Tablet,2
U226,Obra F  Eye Drop,3
U227,Levotac  5mg Tablet,2
U227,Rabsig-DSR Capsule,4
U227,Etogesic MR Tablet,2
U227,Losatan 50mg Tablet,5
U227,Qutan 300 Tablet,1
U227,Goutfree 40 Tablet ER,4
U227,Disederm Cream,2
U228,Epineuron Tablet,1
U228,Instaflex AR 200mg/20mg Capsule SR,4
U228,T-Minic Oral Drops Orange,5
U228,Tarry Shine Lotion,1
U228,Atormac Gold 10 Capsule,5
U228,Telvas Beta 50 Tablet ER,3
U228,Fomtide 200 Octacap,3
U229,Macsoralen Lotion,3
U229,Polypod 200 Tablet,5
U229,Arigaba NT 100 Tablet,3
U229,Tide 100 Tablet,2
U229,Locula 10% Eye Drop,4
U229,Levepsy XR 500 Tablet,4
U229,Dermikem 4 Cream,4
U229,Rancv 500 Tablet ER,3
U229,Nortipan-M Tablet SR,3
U229,Gabapin ME Tablet,5
U230,Sodanet 500mg Tablet,5
U230,Metosan XR 50 Tablet,4
U230,Peredom 20 mg/650 mg Tablet,2
U230,Ebuxo 40 Tablet,2
U230,Alkepin Odt 12.5mg Tablet,3
U230,Lucazole Cream,5
U231,Atenex 25mg Tablet,2
U231,Pregalin 50 Capsule,4
U231,Doris Tablet,5
U231,Trazine-S Tablet,4
U231,Stonil Oral Solution Mixed fruit flavour Sugar Free,1
U231,Zuemeth Tablet,4
U231,Voritek 200 Tablet,3
U231,Megasty 160mg Tablet,5
U231,Lox 2% Injection,2
U231,Belina Gel,5
U232,Nadimax Cream,3
U232,Stamlo 2.5 Tablet,3
U232,Lupi-HCG 5000 Injection,4
U232,Terabet-GM Skin Cream,5
U232,Fintop-AF Cream,4
U232,Rabera-L Capsule,5
U232,Melanorm-HC Cream,2
U233,Quadlon Antiseptic Liquid,5
U233,Zonisep 25 Capsule,2
U233,Rablet 20 Tablet,3
U233,Sufrate LA Cream,5
U233,Triben Plus Cream,1
U233,OFM 50/100 Suspension,5
U233,LCFEX-Mont Tablet,4
U233,Ropark 0.5 Tablet,2
U233,Megagliptin Tablet,2
U234,Peg-SR M 75 Tablet,3
U234,Esperal Tablet,5
U234,Budetrol 200 Rotacap,5
U234,Glimda 1 Tablet,4
U234,Bactrim Syrup,3
U234,Mirakem 50mg Tablet,4
U235,Topirol 25 Tablet,5
U235,Flumet 200mg Tablet,3
U235,Nebicard 2.5 Tablet,3
U235,S Citadep 20 Tablet,5
U235,Evion LC Tablet,2
U236,Inderal LA 20 Tablet SR,4
U236,Pacimol 650 Tablet,3
U236,Sildoo 8 Capsule,3
U236,Tinzit Tablet,4
U236,Acnesol-NC Gel,1
U236,Eurepa-V 0.5/0.3 Tablet,1
U236,Olmin 20-A Tablet,3
U237,Letroz Tablet,3
U237,Voxidep 100mg Tablet,4
U237,Tenepan-M 500 Tablet ER,2
U237,Emesafe Oral Spray,3
U237,Glimestar M4 Tablet PR,4
U237,Moxiforce-CV Dry Syrup,4
U237,Golbi 300 Tablet,1
U238,Naudox Tablet,5
U238,Parit D Capsule SR,1
U238,Moxiforce-CV 625 Tablet,4
U238,Glypten Tablet,2
U238,Traxol S 1000 mg/500 mg Injection,1
U238,Metride Plus 2 Tablet SR,5
U239,Deriphyllin Tablet,1
U239,Glimison-MP 2 Tablet SR,3
U239,Zophar LS 2mg/2mg Tablet,2
U239,Zelgor 500mg Tablet,2
U239,Thyronorm 50mcg Tablet,3
U239,Valprol -CR 500 Tablet,1
U239,Risdone 2 Tablet,1
U240,Glitaray M 1 Plus Tablet PR,3
U240,Strone AQ Injection,3
U240,Alcarex KT Eye Drop,3
U240,Glimy M 2 Tablet PR,1
U240,Safeova Tablet,5
U240,Odirab 20mg Tablet,2
U240,Netazox Tablet,2
U241,Salbetol 4mg Tablet,4
U241,Texakind 500mg Tablet,5
U241,Newtel-Beta 25 Tablet PR,3
U241,Torleva XR 500 Tablet,1
U241,Ziprax 200 DT Tablet,5
U241,Brevipil 50 Tablet,4
U242,Rabalkem LS 75mg/20mg Capsule,1
U242,Oleanz 2.5 Tablet,5
U242,Amodep-TMH Tablet,2
U242,Venlift OD 75 Capsule PR,2
U242,Macsart 20 Tablet,1
U242,Thyrox 125 Tablet,5
U242,Revocon Tablet,2
U242,Novale Bar,3
U242,Spastone Tablet,5
U243,Brufen 600 Tablet,1
U243,Glycinorm Total 30 Tablet SR,3
U243,Moveran Gel,5
U243,Rosave-C Capsule,4
U243,Ketoflam T 4 Tablet,1
U243,Alorti Tablet,2
U244,Gatiquin-P Eye Drop,2
U244,Glucut 1 MT Tablet,5
U244,Macpred 8 Tablet,2
U244,Tears Naturale II Lubricant Eye Drops,2
U244,Imacin-SR 75 Capsule,3
U244,Etosaid 90 Tablet,5
U244,Betadine 5% Ointment,4
U244,Amlopres AT 25 Tablet,1
U244,Aldigesic-SP Tablet,1
U245,Menopur Injection,5
U245,Arvast 5 Tablet,4
U245,Ketamide Soap,3
U245,Sulisent 100mg Tablet,4
U245,Etoroxi 120 Tablet,1
U245,Pexoclav 625 Tablet,4
U245,Risdone-Forte Tablet,1
U245,Anxipan Capsule,1
U245,Nidagen -SR 300 Tablet,4
U246,Lefra 10 Tablet,4
U246,Levipil XR 500 Tablet,4
U246,Swich Drops,1
U246,Gifaxin  550 Tablet,4
U246,Mirago 25 Tablet ER,4
U246,Voglibite 0.2 Tablet,3
U246,Amdepin 10 Tablet,5
U246,Amlokind-H Tablet,3
U246,Etrobax 120 Tablet,1
U247,Mucolite Syrup,2
U247,Macsoralen Lotion,1
U247,Biojoynt Tablet,5
U247,Zeptol 200 Tablet,1
U247,Migest SR 200 Tablet,1
U247,Solitral Capsule ER,3
U247,Zynesp 40 Injection,5
U248,NAC SR 75 Tablet,4
U248,Ondero Met 2.5mg/500mg Tablet,2
U248,Idrofos Kit,1
U248,Rezatrin Forte Tablet,1
U248,Gabritab 50-AT Tablet,2
U248,Diproliv Lotion,1
U248,Peroclin 5% Gel,1
U248,Rosycap-ASP 20/150 Capsule,3
U249,Melanorm-MS Cream,3
U249,Flucos Gel,4
U249,Intadine Solution,4
U249,Malidens DS Oral Suspension Banana,4
U249,PUC 250mg/5ml Suspension,1
U249,Sizodon 1 Tablet,4
U249,Ten20 Tablet,5
U250,Uribid Tablet,1
U250,Glynova-M 2 Tablet SR,1
U250,Synca Eye Drop,1
U250,Gemdronic 5mg/100ml Injection,2
U250,Tolol AM 25mg Tablet,3
U250,Repalol H Tablet,4
U250,Huminsulin  30/70 100IU/ml Cartridge 3ml,3
U251,Tiate 18mcg Transcaps,3
U251,Met-Pco Care Tablet,1
U251,Iotim Eye Drop,4
U251,Arflur 3D Tablet,2
U251,Asthalin AX Syrup,2
U252,Muciday Tablet SR,4
U252,Fondum 2.5mg Injection,1
U252,Amitone 10mg Tablet,5
U252,Fluvator 50 Tablet,4
U252,Pptroy D Capsule PR,4
U252,Revac-B Plus Adult Vaccine,3
U252,L Montus Oral Suspension,4
U253,Trexjoy Gel,1
U253,Oflomac 400 Tablet,2
U253,Mupisoft Ointment,2
U253,Telsar 80 Tablet,2
U253,Esomefol-DSR Capsule,4
U253,SzHH Cream,4
U253,Abhayrab-PF Vaccine,3
U253,Maxtra Tablet,1
U253,Nuroday Tablet ER,3
U254,Glimy 2 Tablet,5
U254,Air 180 Tablet,4
U254,Telmikaa 20 Tablet,3
U254,Fexofen 120 Tablet,5
U254,Pioglit 30 Tablet,1
U255,Meftagesic-DS Suspension,1
U255,Meronem 1000mg Injection,2
U255,Acivir 800 DT Tablet,2
U255,Flutas 400mg Tablet,2
U255,Acmeglim-MV 2 Tablet SR,2
U255,Zydip-C Cream,4
U255,Risdone MT 0.5 Tablet MD,5
U255,Bexol Tablet,2
U255,Tacvido Forte Oral Gel,3
U255,Pioplus 2 Tablet SR,2
U256,Mycoderm-NM Cream,2
U256,Durabolin 25 Injection,4
U256,Ibithral 500mg Tablet,5
U256,Macbery-XT Expectorant Sugar Free,3
U256,Takfresh Fusion Eye Drop,4
U256,Piptaz 4.5gm Injection,4
U256,Lezyncet A Tablet,3
U256,Lefumide 20 Tablet,5
U257,Tufacne 20 Capsule,5
U257,Rebagen-Otic Capsule,2
U257,Klox-D 500 Capsule,1
U257,Daxid 100mg Tablet,5
U257,Inderal F 10 Tablet SR,4
U257,Azithral 200 Liquid,5
U257,Ethasyl 250 Tablet,4
U257,Grilinctus-BM Syrup,3
U257,Mibcal Soft Gelatin Capsule,1
U257,Mirbeg 25 Tablet ER,2
U258,Zerotuss XP Syrup,4
U258,Jubira F 5 Tablet,1
U258,Levepsy 750 Tablet,3
U258,Myotec S 360mg Tablet,5
U258,Glyciphage-G 1 Forte Tablet PR,1
U258,MCM Gel Eye Drop,4
U258,Zoxan-D Eye/Ear Drops,2
U258,Solvin Cough Tablet,5
U258,Romilast L 5 Tablet,5
U259,Vominorm 10mg Tablet,3
U259,Betnesol-N Eye/Ear Drops,3
U259,Dollos-P Tablet,1
U259,Orcerin GM Tablet,2
U259,Ocid L Capsule PR,1
U259,Luray Cream,3
U260,Ketanov 10mg Tablet,2
U260,Logidruf Lotion,5
U260,Amucoe Nac Tablet,2
U260,Etofree 600 ER Tablet,1
U260,Hydroeyes 0.05% Eye Drop,2
U260,Tacrograf 0.25 Capsule,1
U260,Mixtard 30 Suspension for Injection 100IU/ml,5
U261,Glycolate 2 Tablet,2
U261,Angiwell 2.6mg Tablet,3
U261,Etornext-TH Tablet,2
U261,ZY-Q 200 Tablet,1
U261,Pneumovax 23 Vaccine,1
U261,Etorvel 120mg Tablet,5
U262,Gabantin Plus Tablet,1
U262,Scabcare Lotion,3
U262,Salazar DS Tablet,1
U262,Skinn-C Soap,1
U262,Esys-D Capsule SR,4
U262,Eurepa-V 1/0.2 Tablet,3
U262,Tyza Cream,2
U262,Amlodac AT Tablet,5
U262,Toff DC Syrup,4
U262,Emimont 5mg/10mg Tablet,5
U263,Peg-SR M 75 Tablet,2
U263,Prugo 10 Tablet,4
U263,Ancool  SF Suspension,5
U263,Etoro 90mg Tablet,3
U263,Aptimust Syrup,4
U264,Bengreat 8 Tablet,4
U264,Arzep Nasal Spray,1
U264,KZ Dusting Powder,3
U264,Rixmin 400 Tablet,2
U264,Etody 60 Tablet,2
U264,Insugen-R 100IU/ml Refil,4
U264,Dresin Mouthwash &amp; Gargle,4
U264,Isotroin 5 Capsule,3
U265,Lupigest 100 Capsule,1
U265,Zayo 50 Tablet,4
U265,Zyle 100 Tablet,2
U265,Pyrigesic 650 Tablet,5
U265,Nexovas CH Tablet,4
U265,Trilosar 6.25 Tablet,5
U266,Razel 10 Tablet,3
U266,Propysalic  NF Lotion,1
U266,Ostium K2 Kit,1
U266,Fimagen 60 Tablet,5
U266,Atpark 25 Tablet,3
U266,Kilfat Tablet,4
U266,Neurica NT Tablet,4
U266,Gaba-Hosit Tablet,4
U266,Motinorm DT 10mg Tablet,4
U267,Motinorm Drops,4
U267,Piclin Kid Oral Solution,2
U267,Zuvicella Vaccine,4
U267,Risdone 3 Tablet,3
U267,Nadifa Cream,2
U268,Neph-M Plus Eye Drop,2
U268,Keppra 100mg Syrup,2
U268,Nexpro RD 20 Capsule SR,3
U268,Flarex  Ophthalmic Suspension,5
U268,Tenolol-AM 25 Tablet,3
U268,Sertaspor Cream,4
U268,Zefretol 400 Tablet,4
U268,Tentide AF 25mg Tablet,4
U268,Nuforce-CD 3 Vaginal Suppository,4
U269,Supacef 750mg Injection,4
U269,Macprox DP 250 Tablet,3
U269,Razel 20 Tablet,4
U269,Budecort 1mg Respules 2 ml,3
U269,Silodal-D 8 Capsule,5
U270,Synriam 150/750mg Tablet,2
U270,Terbison Cream,5
U270,Ethimom Cream,5
U270,Nebicard-SM Tablet,3
U270,Lamepil MR 100 Tablet,3
U270,Bisoheart 5mg Tablet,5
U270,Lulipil Soap,1
U270,Tapease NS Nasal Spray,2
U271,Prandial 0.3 MD Tablet,1
U271,Rabeloc RD Capsule,3
U271,Myocyst-M Tablet SR,5
U271,Melanorm-MS Cream,5
U271,Patinex 12.5mg Tablet,2
U271,Gaba-Hosit Tablet,2
U271,Montecip LC Tablet,2
U271,Eflora Cream,2
U271,Ramistar-M XL 50 Tablet,1
U272,Gemer DS 1 Tablet PR,3
U272,Huminsulin  30/70 100IU/ml Cartridge 3ml,2
U272,Pulmonext Kit,4
U272,Pentanerv-NT 100mg/10mg Tablet,4
U272,Gabastar-M 300mg/500mcg Tablet,4
U273,Basaglar 100IU/ml Kwikpen,1
U273,ZEN Retard 300 Tablet ER,1
U273,Hairshine Ktz Soap,1
U273,HUCOG 5000 HP Injection,2
U273,Softee Cream,4
U273,Meftal 500 Tablet,4
U273,Macflox Tablet,1
U273,Esys Tablet,5
U274,Septran Paediatric Oral Suspension,1
U274,Nebizok 5 Tablet,2
U274,Urdohep 300 Tablet,4
U274,Amicet Syrup,4
U274,Pylokit-AC Kit,4
U274,Distaclor 187mg Oral Suspension Strawberry,4
U274,Eritel 80-H Tablet,1
U274,Papaverine 60mg Injection,4
U275,Macsoralen Lotion,5
U275,Isryl-M1 Tablet SR,1
U275,Tryptomer G 100 mg/10 mg Tablet,4
U275,Monocef-O 100 Powder for Oral Suspension,5
U275,Profenac Eye Drop,5
U275,Allercet Tablet,2
U275,Ranx 500 Tablet ER,3
U275,Lubricart-D Tablet,5
U275,Amlosafe 3D Tablet,2
U276,Ketral  2% Scalp Solution,3
U276,Nodict 50mg Tablet,3
U276,Lupila 10 Tablet,3
U276,Flucos ITZ Dusting Powder,3
U276,Gabawin M 500mcg/75mg Tablet,4
U276,Monticope -Kid Tablet,4
U276,Tbis Lotion,1
U276,Mucoend 600mg Tablet Orange Sugar Free,5
U276,Rxtor 5 Tablet,2
U276,Emeset 4 Tablet,5
U277,Ketofly Soap from Leeford for Skin Infections,3
U277,S Citadep 20 Tablet,5
U277,Minirin 0.2mg Tablet,1
U277,Gabanyl 300mg/500mcg Tablet,3
U277,Glynase-MF Tablet,1
U277,Alastin 10mg Tablet,1
U278,Enzoheal Forte Tablet,3
U278,Rivizole Cream,1
U278,Pexopram 0.125mg Tablet,4
U278,Razel-F5 Tablet,1
U278,Edrive-T 2.5 Tablet,4
U278,Pentasa 1gm Enema,4
U279,Hopecard-H 5/12.5 Capsule,3
U279,Tolifast 150 Tablet,4
U279,Rxtor-F 10 Tablet,1
U279,Tacromus 1 Capsule,3
U279,Lumecare Advance Carmellose Soothing Eye Drop,2
U279,Zocon L Cream,1
U279,Pynomax - OD Tablet SR,5
U279,Norgest Tablet,5
U279,Rozucor ASP 20 Capsule,1
U280,Nebicard-SM Tablet,5
U280,Glimet DS Tablet,1
U280,Wetica Eye Drop,5
U280,Atorva 20 Tablet,3
U280,Gabapin 100 Tablet,4
U280,Liponorm 5mg Tablet,5
U280,Rxtor 10 Tablet,5
U280,Saferet 20 Tablet,3
U281,Pilzban Cream,3
U281,Metolar AM  25 Tablet,4
U281,Rifagut 400 Tablet,5
U281,Primox 25mg Tablet,3
U281,Fibator 5 Tablet,2
U281,Kitmox-LD  Opthalmic Suspension,3
U281,Mahacef-Plus 100 Tablet,4
U281,Panimun Bioral 50mg Capsule,1
U282,Uriliser MB6 Oral Solution Lemon Sugar Free,4
U282,Lasix Tablet,2
U282,Monocef-O CV 200/125 Tablet,4
U282,Tranostat-MF Tablet,5
U282,Plagerine-A 150 Capsule,2
U282,Stamlo-T Tablet,1
U282,Parkinta 2mg Tablet,4
U282,Vogligress 0.2mg Tablet,5
U282,Telmed AM Tablet,2
U282,Rantop Syrup Mango,2
U283,Inditel 20 Tablet,3
U283,Walamycin  DS 25mg Suspension,1
U283,Evict XF Solution,1
U283,Pregamet SR Tablet,2
U283,Esomac D 20 Capsule SR,5
U283,PAN 20 Tablet,2
U283,EV 2mg Tablet,4
U284,Antab Tablet,5
U284,Xtor 5 Tablet,2
U284,Obimet Tablet,4
U284,Ecosprin-AV 150 Capsule,5
U284,Rispond 1 Tablet,3
U284,Eberderm Cream,2
U284,Etoxib 90 Tablet,4
U284,Syscan 200 Capsule,5
U284,Budesal 1mg Respule 2ml,1
U284,Olmin 20-A Tablet,3
U285,Ivabeat 5 Tablet,3
U285,Tovaxo-T Eye Drop,4
U285,Olmy 10 Tablet,4
U285,Zitblow 20mg Soft Gelatin Capsule,3
U285,Moxiblu-LP Eye Drop,1
U285,Azicip 500 Tablet,4
U286,Random-DSR Capsule,5
U286,Luly Cream,2
U286,Itraclar 100mg Capsule,1
U286,Orlica 60 Capsule,4
U286,Tenepla Tablet,2
U286,Mext 7.5 Tablet,2
U286,Asprito 15 Tablet,3
U286,Momefit Nasal Spray,2
U287,Betadine 2% Gargle Mint,3
U287,Acnex 20 Capsule,1
U287,Yuliprist Tablet,4
U287,Mega-CV Kid  Tablet DT,4
U287,Humalog 100IU/ml Kwikpen,5
U288,Mucaryl LS Syrup,4
U288,Nugliptin M 500 Tablet,2
U288,Atocor 10 Tablet,2
U288,Torplat 90 Tablet,1
U288,Stonil Oral Solution,1
U289,Met XL 12.5 Tablet,2
U289,Noblok Drop,5
U289,Olmetrack H Tablet,2
U289,Erox CV 625 Tablet,3
U289,Xpect-B Expectorant Mango Payari Black Currant,1
U289,Pregnidoxin NU 10mg Tablet,2
U290,Ezact 120 Tablet,3
U290,LTK 25mg Tablet,4
U290,Thio-Seradic Tablet,2
U290,Mucotab ET Tablet Orange Sugar Free,4
U290,Lacripex Eye Drop,5
U290,Odirab 20mg Tablet,3
U290,Oabf 25mg Tablet,3
U290,Torvate 300 Tablet CR,2
U290,Mignar 50 Tablet,2
U291,Relinase 0.25mg Tablet,5
U291,Gramocef-CV Tablet,3
U291,Tresiba 100IU/ml Flextouch,5
U291,Metmin-A Tablet,1
U291,Telma-CT 40/12.5 Tablet,5
U291,Super Manforce Tablet,2
U292,Macralfate Suspension Sugar Free,5
U292,Megavog 0.3 Tablet MD,4
U292,Alcaft Eye Drop,5
U292,Pinom-H 20 Tablet,3
U292,Preva Tablet,2
U292,Glisen VM 2 Tablet SR,3
U292,Zoxan Eye Ointment,1
U292,Vigore Lido Spray,2
U292,Nuril 2.5 Tablet,4
U292,Advacan 0.25mg Tablet,3
U293,Motilium M Tablet,2
U293,HH Linctus Cough Syrup,3
U293,Obezita 60 Capsule,2
U293,Doxomit OD Tablet,4
U293,Parona CR 25 Tablet,2
U293,Azeflo FT Nasal Spray,5
U293,Vogo-M 0.2  Tablet,4
U293,Metosartan 25 Tablet ER,2
U294,Liconpride Cream,5
U294,Insugen-N 100IU/ml Injection,5
U294,Susten 200 Injection,1
U294,Xylovis Oral Topical Solution,3
U294,Depig-F Cream,3
U294,Brutaflam 90mg Tablet,5
U294,Betasalic Ointment,2
U295,Zedocef Dxl 200 Tablet ER,1
U295,Doxiflo-M Tablet SR,4
U295,Pentate-D Tablet,3
U295,Enzigest 25000 Capsule,5
U295,Xoxe 500 Tablet,1
U295,Gluconorm-G 1 Forte Tablet PR,2
U295,Minicycline Capsule,2
U295,Losanorm 50-H Tablet,1
U295,Amrobrut Cream,3
U296,S-Amopress 5mg Tablet,2
U296,Kutub 30 X Tablet,4
U296,Telma-AM Tablet,3
U296,Hepasil 140mg Tablet,1
U296,Urotone Tablet,2
U296,Arbitel-80 AM Tablet,2
U296,Sugamet MC 1000 Tablet PR,1
U296,Dubinac-SR Tablet,5
U296,Nicardia 5 Capsule,2
U296,New Hair 4U 5% Solution,3
U297,Neosporin Dusting Powder,2
U297,Finetears Eye Drop,2
U297,Ethamcip 500 Tablet,3
U297,Theolate 250mg/250mg Tablet,1
U297,Aldonil Plus Tablet SR,2
U297,Inderal 20mg Tablet,4
U298,Ramcor 1.25 Capsule,4
U298,Roles 20 Tablet,3
U298,Monit GTN 6.4 Tablet CR,1
U298,Vintor 4000 Injection,1
U298,Genticyn 80mg Injection,4
U298,Aditop C Gel,4
U298,Inmecin 50mg Capsule,5
U298,Glitaris 7.5 Tablet,3
U299,Lubowel 24 Soft Gelatin Capsule,3
U299,ZyKT Soap,2
U299,Torglip 50 Tablet,3
U299,Eplehef 25 Tablet,5
U299,Tritelsar 80 HS Tablet,2
U299,S Citadep 5 Tablet,4
U299,Glycomet 500 SR Tablet,5
U300,Pantakind Tablet,5
U300,Zoryl 2 Tablet,2
U300,Asthalin 2 Tablet,2
U300,Telsartan 20 Tablet,5
U300,Joincerin M  Tablet,3
U300,Metrogyl Suspension,5
U300,Nepaflam Eye Drop,5
U300,Amrolmac Cream,1
U300,Omnacortil 40 Tablet DT,4
U300,Orogard SG Gel,5
